코스피200 선물,,,,
날짜,시가,고가,저가,종가
2017-01-02,260.05,261.9,259.25,261.2
2017-01-03,261.75,263.2,261.35,263.2
2017-01-04,263,263.55,262.8,263.35
2017-01-05,263.05,263.35,262.3,262.65
2017-01-06,262.95,264.15,262.9,263.65
2017-01-09,263.95,264.65,263.7,264.05
2017-01-10,263.2,264.3,263.2,264
2017-01-11,264.2,269.6,264.15,269.05
2017-01-12,268.85,269.9,268.65,268.85
2017-01-13,268.85,269.3,268.55,268.65
2017-01-16,268.35,269.15,266.35,267.4
2017-01-17,267.45,269.25,267.4,268.4
2017-01-18,268.15,268.8,266.1,267.95
2017-01-19,269.2,270.8,266.85,268.15
2017-01-20,267.25,268,266.95,267.6
2017-01-23,267.25,268.45,265.9,267.15
2017-01-24,267.55,268.9,267,268
2017-01-25,269.5,269.5,267.55,268.25
2017-01-26,269.5,271.5,268.75,271
2017-01-31,269.9,270.3,268.95,269.2
2017-02-01,269.6,270.3,269.45,270.2
2017-02-02,269.95,271.6,268.5,269.2
2017-02-03,269.7,269.95,267.9,269.8
2017-02-06,271.3,271.7,269.2,270.05
2017-02-07,270.35,270.35,268.85,269.35
2017-02-08,268.85,268.9,266.15,268.25
2017-02-09,268.3,269.2,267.45,268.5
2017-02-10,269.55,270.25,268.7,268.75
2017-02-13,268.55,269.15,268.2,268.85
2017-02-14,269.75,269.75,267.45,268
2017-02-15,267.95,269.5,267.45,268.9
2017-02-16,269.5,270.35,268.55,268.75
2017-02-17,267.9,269.25,267.85,269
2017-02-20,269.15,269.95,268.7,269.75
2017-02-21,270,273.5,269.8,272.25
2017-02-22,272.6,273.2,272.35,272.65
2017-02-23,272.65,273.1,272.25,273
2017-02-24,272.65,273.05,270.2,270.55
2017-02-27,270.65,271.05,268.9,269.5
2017-02-28,269.7,270.6,269.4,269.75
2017-03-02,271.9,273.4,271.35,272.7
2017-03-03,271.4,271.6,269,269.65
2017-03-06,268.9,270.45,268.35,270.25
2017-03-07,270.55,272.3,270.15,271.65
2017-03-08,271.4,272.95,271,272.2
2017-03-09,272.3,272.85,271.45,271.45
2017-03-10,271.65,273.3,270.55,272.55
2017-03-13,272.95,276.45,272.8,275.75
2017-03-14,276.75,278.15,276.45,278
2017-03-15,277.85,278.65,277.45,278.6
2017-03-16,281.3,281.95,279.8,280.3
2017-03-17,280.5,281.95,280.15,281.45
2017-03-20,281.6,281.65,280.25,281.5
2017-03-21,282.15,284.8,281.6,284.05
2017-03-22,281.85,282.85,281.35,282.55
2017-03-23,283.8,284.5,282.8,283.2
2017-03-24,283.3,284.35,282.05,282.85
2017-03-27,281.2,282.2,280.35,280.75
2017-03-28,282.15,282.4,281,281.55
2017-03-29,282.7,282.8,281.45,282.2
2017-03-30,282.55,283.6,281.45,282.15
2017-03-31,282.3,282.6,281.25,281.7
2017-04-03,282.1,283.2,281.55,282
2017-04-04,281.8,282.35,280.85,281.45
2017-04-05,281.5,281.85,279.15,280.95
2017-04-06,280,280.1,278.5,280
2017-04-07,280.25,280.45,278.15,279.35
2017-04-10,279.3,279.4,277.1,277.75
2017-04-11,276.95,277.75,275.45,276
2017-04-12,276.4,277.05,275.75,277.05
2017-04-13,276.95,279.25,276.3,279.25
2017-04-14,278.15,278.55,276.2,277.8
2017-04-17,278.45,279.6,277.85,278.75
2017-04-18,279.9,280.1,277.55,278.45
2017-04-19,277.75,278.55,276.25,276.95
2017-04-20,276.45,278.35,276,278.35
2017-04-21,279.4,281.15,279,280.8
2017-04-24,282,282.6,281.3,281.95
2017-04-25,282.15,285.4,282.1,285.3
2017-04-26,286.1,287.35,285.85,286.55
2017-04-27,286.55,287.55,286.15,287.45
2017-04-28,287.5,288.9,287.3,287.9
2017-05-02,289.1,291.65,288.65,290.15
2017-05-04,290.95,292.85,290.8,292.85
2017-05-08,293.05,300.8,292.95,300.8
2017-05-10,300.8,305.6,295.85,296.55
2017-05-11,298.1,300.6,296.85,300.2
2017-05-12,300.2,300.5,298.2,298.75
2017-05-15,299.05,300.3,297.85,299.75
2017-05-16,301.25,302.1,298.3,299.35
2017-05-17,298.9,300.15,298.2,299.6
2017-05-18,296.4,298.9,295.8,298.75
2017-05-19,298.5,299.25,297.85,298.35
2017-05-22,300.35,300.9,299,300.7
2017-05-23,301.15,303.8,300.7,301.15
2017-05-24,302.25,302.95,301.4,302
2017-05-25,303.35,305.6,302.4,305.6
2017-05-26,305.6,308.75,305.2,307.45
2017-05-29,308.2,309.5,305.25,306.9
2017-05-30,307,307.15,303.2,304.45
2017-05-31,304.15,306.4,303.8,305.15
2017-06-01,304.7,305.45,303.15,304.25
2017-06-02,305.2,308.1,305.05,307.85
2017-06-05,308.05,308.7,306.95,307.7
2017-06-07,307.05,307.65,305.4,305.5
2017-06-08,305.75,306.85,304.15,306.75
2017-06-09,307.9,310.6,307.65,309.9
2017-06-12,308,308.85,306.3,306.65
2017-06-13,306.95,308.85,306.7,308.4
2017-06-14,309.6,310.7,307.65,308.75
2017-06-15,308.3,309.35,305.5,307
2017-06-16,307.1,308,306.5,307.35
2017-06-19,307.2,309.8,306.6,309.15
2017-06-20,310.5,310.8,309.15,309.45
2017-06-21,308,308.45,306.65,308.15
2017-06-22,308.7,310,307.8,309.9
2017-06-23,309.7,311.2,309.5,310.6
2017-06-26,311,312.65,310.7,311.9
2017-06-27,311.75,313.3,311.6,312.45
2017-06-28,311,312.35,310.85,311.6
2017-06-29,313.2,314.6,313.1,313.7
2017-06-30,311.45,312.9,311.2,312.9
2017-07-03,313.25,313.65,311.8,313.3
2017-07-04,313.3,313.6,310.85,311
2017-07-05,310.6,312.8,310.35,312.45
2017-07-06,313.25,313.3,311.55,312.45
2017-07-07,311.05,312.15,310.45,311.6
2017-07-10,312.4,313.3,311.5,312.15
2017-07-11,312.75,314.35,312.35,314.05
2017-07-12,314.1,314.85,313.75,313.95
2017-07-13,315.85,319.1,315.75,317.9
2017-07-14,318.35,318.8,317.65,318.05
2017-07-17,320.05,320.3,318.65,318.85
2017-07-18,319.15,319.4,318.45,319.4
2017-07-19,319.8,320.05,318.4,320.05
2017-07-20,320.55,321.55,319.55,320.95
2017-07-21,320.7,322.65,320.7,322.45
2017-07-24,322.55,322.65,321.65,322.6
2017-07-25,322.55,322.75,320.7,321
2017-07-26,321.45,321.6,319.5,320.3
2017-07-27,321.2,322.15,320.35,321.2
2017-07-28,320,320.2,313.9,313.9
2017-07-31,313.35,315.5,313.25,314.9
2017-08-01,314.15,319.45,313.85,317.9
2017-08-02,318.75,319.45,318.1,318.5
2017-08-03,317.55,317.65,310.7,313
2017-08-04,312.9,314.9,312.55,314.2
2017-08-07,314.65,316.3,314.1,314.25
2017-08-08,315.1,316.2,312.25,314.2
2017-08-09,311.7,312.7,309.65,310
2017-08-10,309,310.35,306.4,308.6
2017-08-11,303.9,305.4,302.3,302.85
2017-08-14,305.2,306.4,304.45,305.95
2017-08-16,308.75,309.15,307.1,307.6
2017-08-17,308.2,309.85,307.3,309.25
2017-08-18,306.5,309.3,306.3,309.1
2017-08-21,309.75,309.8,307.9,308.4
2017-08-22,308.9,310.35,308.9,310.05
2017-08-23,311.5,311.7,309.25,309.95
2017-08-24,310,312.05,309.95,311.45
2017-08-25,312.25,312.55,310.75,311.6
2017-08-28,311.1,312.05,309.35,309.55
2017-08-29,307.95,309.1,304.45,308.5
2017-08-30,309.5,310.35,308.65,310.35
2017-08-31,309.9,310.55,307.4,308
2017-09-01,309.1,309.5,306.85,307.65
2017-09-04,303.1,306.6,303,304.85
2017-09-05,305.95,306,303.5,304.05
2017-09-06,304.1,304.2,302.7,303.65
2017-09-07,304.55,307.7,304.3,307.55
2017-09-08,307.8,308.1,306.85,307.6
2017-09-11,308.85,311.5,308.65,310.6
2017-09-12,311.85,311.9,309.85,310.55
2017-09-13,311,312.35,309.75,309.9
2017-09-14,310.75,311.7,309.75,311.6
2017-09-15,312.55,314.6,311.75,314.55
2017-09-18,314.85,320.05,314.65,320.05
2017-09-19,319.65,320.2,319.1,319.4
2017-09-20,320.1,321.6,318.15,319.15
2017-09-21,318.7,319.85,318.35,319.4
2017-09-22,318.95,320.1,316.4,317.1
2017-09-25,317.65,317.95,316.2,317.15
2017-09-26,315.8,316.5,314.65,315.15
2017-09-27,315.55,315.6,314.3,314.75
2017-09-28,314.8,315.9,313.95,314.95
2017-09-29,315.1,317.65,315.05,317.65
2017-10-10,322.3,324.85,321.4,323.5
2017-10-11,324.5,326.9,324.1,326.6
2017-10-12,326.95,329.1,326.8,329
2017-10-13,328.4,329.3,327.9,328.65
2017-10-16,329,330.25,328.15,328.85
2017-10-17,328.9,329.85,328.7,329.15
2017-10-18,328.85,330.1,328.3,329.2
2017-10-19,330.05,330.25,327.1,327.45
2017-10-20,327.6,329.65,327.6,329.6
2017-10-23,330.55,331.1,329.25,330.4
2017-10-24,330.2,330.8,329.8,329.9
2017-10-25,330.05,330.65,328.7,330.1
2017-10-26,329.85,330.1,327.1,327.1
2017-10-27,327.75,330.35,327.45,330.2
2017-10-30,331.95,332.1,330.3,330.8
2017-10-31,331,334.85,330.2,334.4
2017-11-01,336.45,339.9,335.9,339.9
2017-11-02,339.5,339.85,337.55,338.4
2017-11-03,339.3,339.95,336.8,339.7
2017-11-06,339,339.5,335.05,337.5
2017-11-07,337.5,338.95,336.75,337.1
2017-11-08,335.7,339.55,335.4,338.6
2017-11-09,339.15,339.25,335.65,337
2017-11-10,335.45,337.2,335.2,336.25
2017-11-13,336.3,337.9,334.4,334.9
2017-11-14,334.8,335.3,333.8,334.65
2017-11-15,334,334.2,332.05,332.5
2017-11-16,333.4,335.25,332.55,334.65
2017-11-17,336.25,338.6,334.2,334.3
2017-11-20,335.05,335.6,332.55,332.8
2017-11-21,334.25,335.2,333.15,334.2
2017-11-22,336,337.5,334.9,335.9
2017-11-23,336.25,336.3,334.5,334.8
2017-11-24,335.3,335.8,334.05,335.6
2017-11-27,335.85,336,329.25,329.25
2017-11-28,330.15,331.75,328.95,331.05
2017-11-29,331.5,332.55,330.4,331.05
2017-11-30,328.75,329.85,324.45,325.6
2017-12-01,326.5,326.85,324.55,325.2
2017-12-04,326.55,328.6,325.05,328.35
2017-12-05,327,330.35,326.3,329.95
2017-12-06,329.9,329.95,324.7,325
2017-12-07,325.8,325.85,322.65,324.05
2017-12-08,324.75,325.6,323.55,324.75
2017-12-11,325.1,325.45,323.5,324.85
2017-12-12,324.95,325.3,323.2,323.8
2017-12-13,324.35,326.75,323.35,326.2
2017-12-14,327.05,331.35,326.8,327.65
2017-12-15,325.3,326.25,323.25,323.25
2017-12-18,324.25,324.9,323.4,324.65
2017-12-19,325.15,327.25,323.65,324.35
2017-12-20,323.9,325.3,323.6,324.05
2017-12-21,323,323.55,317.35,317.35
2017-12-22,318.65,319.85,317.4,319
2017-12-26,319.8,321.75,317.5,317.95
2017-12-27,319,321.7,318.2,321.7
2017-12-28,321.5,326.15,321.4,326.15
2018-01-02,326.6,327.5,325.45,327
2018-01-03,328,329.1,327.25,328.2
2018-01-04,329.95,330.15,325.05,325.5
2018-01-05,326.5,329.7,326.25,329.45
2018-01-08,331.4,332.65,329.25,331.75
2018-01-09,331.2,333.5,329.45,330.95
2018-01-10,331.85,331.95,328.05,328.35
2018-01-11,328.2,328.85,326,327
2018-01-12,327.8,328.2,325.1,327.35
2018-01-15,329,329.75,327.05,327.8
2018-01-16,328,331.3,327.35,331
2018-01-17,329.95,330.9,328.9,329.7
2018-01-18,331.3,332.7,329.45,329.9
2018-01-19,330.4,331.15,329.55,330.1
2018-01-22,330,330.05,325.3,326.75
2018-01-23,328.15,331.75,327.85,331.75
2018-01-24,330.95,333.35,330.9,332.1
2018-01-25,331.05,335.4,331,334.8
2018-01-26,334.5,336.45,333.8,336.45
2018-01-29,338.15,340.3,337.7,339
2018-01-30,338.35,338.95,334,334.4
2018-01-31,333.4,339.25,332.8,334.95
2018-02-01,335.3,336.3,333.6,334.15
2018-02-02,333.2,333.6,326.85,327.9
2018-02-05,323.6,324.9,321.45,323.5
2018-02-06,317.45,319.7,313.15,318.15
2018-02-07,322,322.3,310,310
2018-02-08,311.1,314.6,310,313
2018-02-09,303.3,306.5,302.1,304.35
2018-02-12,306.8,309.8,305.2,308.6
2018-02-13,310.75,314.35,309.2,311.9
2018-02-14,312.65,315.7,312.6,314.8
2018-02-19,319.1,319.3,314.7,316.75
2018-02-20,315.55,315.8,312.2,312.5
2018-02-21,313,315.05,310.75,314.55
2018-02-22,312.6,313.35,311,312.35
2018-02-23,313.75,317.45,313.6,317.45
2018-02-26,318.7,318.85,316.35,317.6
2018-02-27,319.4,320.95,316.25,316.25
2018-02-28,316.1,317.25,312.65,312.95
2018-03-02,309.6,310.15,306.65,308.65
2018-03-05,307.7,308.6,304.05,304.35
2018-03-06,307.15,310.8,306.75,310.8
2018-03-07,311.55,314.1,308.8,310.95
2018-03-08,313.7,314.2,310.9,314.1
2018-03-09,316.25,321.3,315.35,318.25
2018-03-12,321.85,322.55,320.15,321.25
2018-03-13,321.35,323.15,320.8,322.65
2018-03-14,320.3,322.8,320.25,322.7
2018-03-15,323.4,324.1,320.35,324
2018-03-16,323.2,323.95,320.8,323.15
2018-03-19,322.8,323.2,320.15,321
2018-03-20,319,322.45,318.3,322.45
2018-03-21,322.35,323.35,321.8,322.75
2018-03-22,322.75,325.5,322.4,323.25
2018-03-23,316.55,317.8,311.8,312.65
2018-03-26,311.7,315.65,310.1,315.65
2018-03-27,317.3,317.7,315.7,316.3
2018-03-28,312.85,313.25,310.55,311.8
2018-03-29,312.95,315.6,311.55,315.6
2018-03-30,317.15,318,315.4,315.7
2018-04-02,315.7,318.1,314.6,314.6
2018-04-03,312.1,314.3,311,313.95
2018-04-04,314.65,314.7,308.7,308.7
2018-04-05,311.75,315.1,311.05,314.1
2018-04-06,311.75,312.95,310.3,312.35
2018-04-09,311.75,314.7,311.4,314.1
2018-04-10,313,315.5,310.3,314.6
2018-04-11,314.85,315.85,313.2,313.6
2018-04-12,314.75,315.35,312.85,312.9
2018-04-13,314.3,315.95,313.85,315.6
2018-04-16,317.15,317.4,314.75,315.45
2018-04-17,315.8,316.95,314.7,315.55
2018-04-18,317.3,319.95,317.1,318.75
2018-04-19,320,321.2,319.2,320.15
2018-04-20,318.5,319.8,318,318.05
2018-04-23,317.7,318.8,317.1,318.25
2018-04-24,318.7,318.8,314.9,316.5
2018-04-25,314,314.75,312.65,314.1
2018-04-26,315.3,319.5,315.1,318.6
2018-04-27,321.5,323.4,320.05,321.3
2018-04-30,322.5,323.45,321.6,322.8
2018-05-02,322.25,322.8,320.35,320.9
2018-05-03,320.1,320.8,318.6,319.15
2018-05-04,319.8,320.15,317.05,317.6
2018-05-08,318.5,319.3,315.2,315.2
2018-05-09,315.7,316.25,312.8,315.2
2018-05-10,316.35,317.3,315.45,317
2018-05-11,318.5,319.95,318,318.8
2018-05-14,319.25,319.75,317.5,318
2018-05-15,317.5,318.5,314.7,314.9
2018-05-16,313.9,316.95,313.65,316.05
2018-05-17,317.35,318.15,314.55,314.55
2018-05-18,315.5,316,314.8,315.9
2018-05-21,316.15,317.3,313.65,316.25
2018-05-23,316.2,318.75,315.85,318.3
2018-05-24,319,319.3,316.55,317.7
2018-05-25,315.95,318.75,315.75,318.45
2018-05-28,319.2,319.8,318.5,319.25
2018-05-29,318.75,319.3,316.05,316.05
2018-05-30,314.8,315,307.55,308.7
2018-05-31,311,311.2,309.3,310.3
2018-06-01,310.3,313.65,309.45,312.55
2018-06-04,313,314.9,312.55,314.3
2018-06-05,314.2,315.15,312.25,314.9
2018-06-07,316.75,318.7,316.3,318
2018-06-08,316.6,317.15,314.15,314.45
2018-06-11,314.85,317.3,314.2,317.3
2018-06-12,317.85,318.5,316.2,316.8
2018-06-14,315,315.1,311.15,311.55
2018-06-15,312.2,312.2,308.9,309.2
2018-06-18,309.5,309.55,304.2,305.85
2018-06-19,305,305.85,300.85,301.35
2018-06-20,302.85,305.65,301.8,304.2
2018-06-21,303.7,304.85,300.55,300.75
2018-06-22,298.2,303.65,298.05,303.65
2018-06-25,303.15,304,300.2,303.25
2018-06-26,300.3,303.7,299.4,302.4
2018-06-27,301.85,303.85,301.55,301.55
2018-06-28,300.8,301.6,298.3,299.1
2018-06-29,299.45,300.55,296.25,300
2018-07-02,299,300.1,292.85,292.9
2018-07-03,295.15,295.2,291.3,293.75
2018-07-04,293.75,294.9,292.25,292.55
2018-07-05,292.5,293.9,290.2,292
2018-07-06,291.5,295.25,290.6,293.6
2018-07-09,294.25,297.2,293,296.25
2018-07-10,297.2,298.4,296.4,296.95
2018-07-11,294.2,295.7,292.05,295.3
2018-07-12,295.65,297.35,294.25,296
2018-07-13,296,299.75,296,299.1
2018-07-16,299.2,299.95,297.75,298.2
2018-07-17,297.95,298.75,296.2,297.35
2018-07-18,299.25,300.6,296.55,297.05
2018-07-19,298.3,298.5,295.9,296.05
2018-07-20,296.5,298.05,294.5,297.5
2018-07-23,297.5,297.55,294.65,295.4
2018-07-24,295.55,296.7,294.05,296.25
2018-07-25,296.7,297.9,295.25,295.5
2018-07-26,297.1,298.8,295.9,297.5
2018-07-27,298.1,298.55,296.95,298.55
2018-07-30,297.4,298.55,296.4,297.8
2018-07-31,297.75,298.3,296.8,297.95
2018-08-01,298.55,300.35,298.5,299.35
2018-08-02,299.2,299.25,293.35,293.5
2018-08-03,294.7,296.15,293.75,295.8
2018-08-06,296.3,297.8,295.55,295.8
2018-08-07,296.1,297.9,294.7,297.9
2018-08-08,298.1,298.75,297.25,297.7
2018-08-09,297.65,297.95,296.1,297.55
2018-08-10,296.6,296.9,293.55,294.05
2018-08-13,292.15,292.5,288.7,290.55
2018-08-14,290.6,292.1,290.2,291.7
2018-08-16,287.15,289.55,285.95,288.35
2018-08-17,288.35,289.55,287.95,288.6
2018-08-20,289.85,291.3,288.5,289.05
2018-08-21,288.6,292.5,288.1,292.5
2018-08-22,292.65,293.9,291.85,293.35
2018-08-23,294.6,294.65,292.65,294.15
2018-08-24,293.8,296.1,292.65,295.5
2018-08-27,296.7,297.5,295.5,297.1
2018-08-28,298.4,299.05,297.05,297.45
2018-08-29,297.75,298.4,297.05,298
2018-08-30,298.25,299.95,297.35,298.3
2018-08-31,296.9,299.55,296.2,299.55
2018-09-03,299,299.15,297.05,297.45
2018-09-04,297.65,299.15,296.9,298.95
2018-09-05,297.85,298.4,294.4,294.7
2018-09-06,294.3,295.9,293.75,294.5
2018-09-07,292.75,293.95,290.75,293.1
2018-09-10,292.6,294.1,292.3,293.55
2018-09-11,293.1,294.65,291.5,292.45
2018-09-12,292.7,293.25,291.05,292.65
2018-09-13,292.7,293.5,291.95,292.15
2018-09-14,295.45,298.15,295.3,298.05
2018-09-17,297,297.1,294.55,295.25
2018-09-18,293.65,296.95,293.2,296.85
2018-09-19,297.9,297.95,295.75,297.05
2018-09-20,297.75,300.85,297.35,299.65
2018-09-21,300.45,301.15,299.4,301
2018-09-27,300.05,303.7,300,303.15
2018-09-28,303.3,303.6,301.2,301.6
2018-10-01,302.1,302.7,300.05,301.05
2018-10-02,300.7,301.8,297.25,297.6
2018-10-04,297.6,297.75,292.15,292.55
2018-10-05,292.2,293.35,290.3,291.9
2018-10-08,290.75,293.05,290.55,290.8
2018-10-10,291.35,291.45,287.75,288.8
2018-10-11,281.05,283.4,275.55,275.55
2018-10-12,276.75,281.8,276.25,280.2
2018-10-15,279.45,279.6,277.2,277.9
2018-10-16,278.9,280.1,276.8,277.65
2018-10-17,281,282.5,279.65,281.2
2018-10-18,279.6,280.6,278,278.25
2018-10-19,276.4,279.7,274.5,279.2
2018-10-22,277.2,280.6,276.65,279.9
2018-10-23,277.7,278.1,271.6,273.15
2018-10-24,275.3,275.3,271.55,272.05
2018-10-25,266.2,267.85,263.75,267.7
2018-10-26,267.8,268.05,260.95,263.45
2018-10-29,264.65,266.1,260.55,260.55
2018-10-30,260.3,265.4,259.7,262.75
2018-10-31,263.75,264.6,261.5,264.1
2018-11-01,264.3,267.55,262.8,263.6
2018-11-02,266.45,273.3,266,272.85
2018-11-05,270.75,271.15,266.9,270.05
2018-11-06,271.6,272.35,268.95,272.05
2018-11-07,271.55,274.35,269.9,270.75
2018-11-08,275,276.6,272.35,273.05
2018-11-09,272.6,273.8,271.1,271.5
2018-11-12,269.2,272.5,268.7,272.1
2018-11-13,267.95,270.2,265.05,269.4
2018-11-14,269.9,270.3,268.3,269.3
2018-11-15,268.7,272.3,267.9,272.1
2018-11-16,272.9,273.6,271.25,271.7
2018-11-19,271.8,274.4,271.25,272.6
2018-11-20,269.65,271.1,269,269.6
2018-11-21,266.2,268.8,265.5,268.55
2018-11-22,268.5,269.4,267.7,268.4
2018-11-23,268,268.85,265.25,266.4
2018-11-26,267.1,270.5,266.8,270.5
2018-11-27,270.95,272.75,269.45,272.45
2018-11-28,273,274,271.7,274
2018-11-29,277.7,278,273.75,274.3
2018-11-30,275.35,275.5,271.05,271.6
2018-12-03,275.55,277.2,273.8,276.4
2018-12-04,275.15,275.75,272.05,273.75
2018-12-05,269.9,272.75,269.7,271.9
2018-12-06,270,270.4,267.05,267.4
2018-12-07,268.7,269.75,267.35,268.5
2018-12-10,264.75,266.55,264,265.4
2018-12-11,266.5,266.5,264.3,265.15
2018-12-12,266.25,269.1,265.75,268.8
2018-12-13,269.45,271.1,268.3,270.05
2018-12-14,266.95,267.2,261.35,262.7
2018-12-17,263.2,264.5,263.05,263.65
2018-12-18,261.5,264,261.5,262.55
2018-12-19,263.4,264.7,262.65,264.45
2018-12-20,262.75,263.3,260.2,261.45
2018-12-21,261.3,262,260.35,261.65
2018-12-24,261,261.6,259.8,261.55
2018-12-26,257.9,259.5,256.15,257.3
2018-12-27,261.45,262.35,260.4,261.45
2018-12-28,261.7,263.5,261.5,262
2019-01-02,264.3,264.75,258.3,258.85
2019-01-03,258.85,259.5,256.2,256.6
2019-01-04,256.5,258.95,255.6,258.85
2019-01-07,262,264.25,261.55,262.8
2019-01-08,262.4,263.25,260.35,260.75
2019-01-09,261.3,266.95,261.25,266.05
2019-01-10,266.2,267.45,265.2,265.8
2019-01-11,267.4,268.35,266.05,267.95
2019-01-14,266.95,267.3,265,265.4
2019-01-15,266.6,271,266.05,270.85
2019-01-16,270.25,272.1,269.7,272.1
2019-01-17,272.45,273.65,271.35,272.35
2019-01-18,273.9,274.85,273.2,274.75
2019-01-21,276.5,276.55,273,274.8
2019-01-22,274.9,275.35,272.25,273.1
2019-01-23,272,275.4,271.95,274.8
2019-01-24,274.8,277.15,274.25,277.1
2019-01-25,277.9,282.5,277.55,282.4
2019-01-28,282.45,284.1,281.15,282.15
2019-01-29,281.65,283.65,280.35,283.55
2019-01-30,283.6,287.6,282.95,287.6
2019-01-31,290,290.35,286.4,286.95
2019-02-01,287.8,289.05,285.9,286.3
2019-02-07,288.05,288.25,285.3,286
2019-02-08,284.5,284.8,281.5,281.9
2019-02-11,282.2,282.65,280.6,282.65
2019-02-12,282.4,284.8,282.05,284.3
2019-02-13,285.4,285.85,284.6,285.7
2019-02-14,284.45,288.45,283.2,288.35
2019-02-15,286.8,287.15,283.35,284.15
2019-02-18,286,287.6,285.35,286.75
2019-02-19,286.05,286.65,283.5,285.65
2019-02-20,287.05,289.75,286.35,288.4
2019-02-21,287.5,289.75,286.4,288.6
2019-02-22,288.25,289.05,287,288.75
2019-02-25,290.3,290.8,288.2,289.55
2019-02-26,288.9,289.5,287.5,287.75
2019-02-27,289.3,289.8,288.4,288.45
2019-02-28,288.55,289,283.8,283.85
2019-03-04,286.1,287.15,282.6,282.6
2019-03-05,281.5,282.15,279.75,280.7
2019-03-06,280.6,280.65,279.25,280.5
2019-03-07,279.75,281.15,277.9,278.9
2019-03-08,277.35,278.1,274.9,275.05
2019-03-11,275.4,276.15,274.25,275.25
2019-03-12,277.2,278.7,277.1,278
2019-03-13,277.05,277.2,273.95,275.7
2019-03-14,276.7,277.5,274.7,276.45
2019-03-15,276.9,281.5,276.8,280.75
2019-03-18,281.35,281.6,280.05,280.75
2019-03-19,280.9,281.3,279.45,280.55
2019-03-20,280,280.95,277.2,280.9
2019-03-21,281.65,285.2,281.3,282.8
2019-03-22,284.2,285,282.75,283.35
2019-03-25,279.3,280,277.7,277.8
2019-03-26,278.8,278.9,277.55,278
2019-03-27,277,278.75,275.4,278
2019-03-28,275.95,277.25,274.9,276.4
2019-03-29,276.6,277.95,275.6,277.2
2019-04-01,279.4,281.85,279.25,281.45
2019-04-02,282.2,283.4,281.95,282.5
2019-04-03,282.95,287.05,282.2,286.85
2019-04-04,286.65,289.05,286.3,287.3
2019-04-05,287.5,288.7,286.95,288
2019-04-08,289,289.15,286.2,287.25
2019-04-09,287.6,289.05,286.4,287.75
2019-04-10,286.65,289.25,286.3,289.2
2019-04-11,289.5,289.7,287.45,288.3
2019-04-12,287.9,289.8,286.8,289.45
2019-04-15,290.05,291.8,290,290.75
2019-04-16,290.15,291.7,289.8,291.65
2019-04-17,291.65,292.1,290.85,291.55
2019-04-18,291.75,291.9,286.25,286.5
2019-04-19,287.75,288.35,286.55,286.55
2019-04-22,287.1,288.45,285.35,286.5
2019-04-23,286.85,287.65,286,287
2019-04-24,288.45,288.45,282.6,284.25
2019-04-25,283.5,284.9,282.75,283.25
2019-04-26,282.2,282.95,280.3,281.75
2019-04-29,282.45,287.65,282.3,287.65
2019-04-30,287.15,287.35,283.2,285.4
2019-05-02,284,287.5,283.45,286.85
2019-05-03,286.6,286.65,283.5,283.95
2019-05-07,281,282.05,279.1,281.8
2019-05-08,278.05,282.1,277.95,280.15
2019-05-09,279.2,279.75,270.25,272.25
2019-05-10,272.2,274.6,269.9,271.95
2019-05-13,269.55,271.65,268.85,269.05
2019-05-14,266,270.65,266,268.65
2019-05-15,268.85,271.1,267.55,270.2
2019-05-16,269.5,269.8,265.65,266.35
2019-05-17,267.95,268.25,264.1,264.8
2019-05-20,266.1,267.8,264.65,265.3
2019-05-21,264.7,268.7,264.65,266.65
2019-05-22,267.4,267.7,264.05,267.2
2019-05-23,266.75,267.2,264.6,266.15
2019-05-24,265.45,266.45,263.25,264.95
2019-05-27,264.35,266,263.35,264.5
2019-05-28,264.5,266.1,263.5,264.9
2019-05-29,264,264.4,260.2,261.1
2019-05-30,262.2,264.3,261.75,264.3
2019-05-31,263,265.15,261.55,263.5
2019-06-03,262.95,268.05,261.9,268.05
2019-06-04,267.8,268.15,266.5,267.05
2019-06-05,269.55,270.35,267.2,267.95
2019-06-07,267.75,269.75,265.8,267.6
2019-06-10,269.7,272.25,268.4,271.7
2019-06-11,271.25,273.55,270.85,273.15
2019-06-12,273.25,274.15,272,272.15
2019-06-13,271.75,272.5,268.15,272
2019-06-14,270.05,271.6,268.6,269.95
2019-06-17,269.7,271.65,269.25,270.25
2019-06-18,269.55,272.05,269.55,271.65
2019-06-19,274.7,275.75,274.15,274.85
2019-06-20,275.3,276.25,274.55,276.1
2019-06-21,276.15,276.4,274.7,275.7
2019-06-24,276.05,276.8,275.25,275.7
2019-06-25,275.45,277.1,274.2,275.05
2019-06-26,274.9,276.35,274.75,275.75
2019-06-27,276.5,279.45,275.8,279.2
2019-06-28,278.85,279.4,277.5,278.4
2019-07-01,280.85,281,277.75,278.1
2019-07-02,276.1,278.3,275.4,277
2019-07-03,276.5,277.4,272.65,273
2019-07-04,273.4,275.55,272.65,275.55
2019-07-05,275.35,276.05,273.2,274.85
2019-07-08,272.7,272.85,269,269.2
2019-07-09,270,270.9,268,268
2019-07-10,270.15,270.95,269.45,269.65
2019-07-11,270.85,273.75,270.85,273
2019-07-12,272.95,273.95,272,273.45
2019-07-15,272.7,274,271.7,273.5
2019-07-16,273.5,275.15,272.8,274.7
2019-07-17,273.35,273.55,271.05,271.85
2019-07-18,271.25,272.3,270.3,271.1
2019-07-19,272.95,275.85,272.85,275.15
2019-07-22,274.25,276,274.05,275.15
2019-07-23,275.65,277.3,275.2,276.45
2019-07-24,276,277.1,273.35,274.05
2019-07-25,275,275.05,271.8,273.8
2019-07-26,271.9,272.9,271.25,272.55
2019-07-29,272.1,272.3,267.75,268.4
2019-07-30,269.05,270.3,268.9,269.4
2019-07-31,268.9,269.8,265.75,266.85
2019-08-01,264.75,267.85,264.65,266.2
2019-08-02,263,264,261.95,263.15
2019-08-05,261.4,261.85,256.95,256.95
2019-08-06,251.1,257.15,250.9,253.65
2019-08-07,253.6,255,251.4,253
2019-08-08,254.5,255.6,252.5,253.6
2019-08-09,255,256.3,254.55,255.25
2019-08-12,255.35,256.4,254.45,255.45
2019-08-13,253.6,254.6,252.05,252.05
2019-08-14,255.6,256.95,254.65,255.2
2019-08-16,252.65,254.05,251.5,254.05
2019-08-19,255.4,255.9,254.3,255.75
2019-08-20,255,258.5,254.85,258
2019-08-21,257.3,259.45,257.15,258.4
2019-08-22,258.6,258.7,256.2,256.4
2019-08-23,255.15,256.9,255.05,256.35
2019-08-26,251.5,253.15,250.95,252.6
2019-08-27,253.2,254.9,252.75,254
2019-08-28,254.6,255.95,253.65,255.85
2019-08-29,255.8,256.05,253.7,254.2
2019-08-30,256.2,259.65,256.2,259.15
2019-09-02,258.1,259.75,257.95,259.35
2019-09-03,258.15,259.75,257.55,257.95
2019-09-04,257.85,262.1,257.6,261.9
2019-09-05,262.3,266.1,262.1,264.7
2019-09-06,265.8,266.2,264.8,265.75
2019-09-09,266.3,268.7,265.9,267.65
2019-09-10,267.85,269.05,267.4,268.8
2019-09-11,270.3,271.45,269.55,271.3
2019-09-16,272,272.1,269.85,272.05
2019-09-17,271.65,272.35,270.9,271.75
2019-09-18,272.35,273.75,271.15,273.35
2019-09-19,273.05,276.2,272.8,275.05
2019-09-20,274.9,276.75,274.4,276.6
2019-09-23,276.2,277.1,275.75,276.9
2019-09-24,276.7,278.4,275.75,278.25
2019-09-25,276.85,277.25,274.35,274.55
2019-09-26,275.45,276.55,273.6,275.1
2019-09-27,274.1,274.15,271.1,271.75
2019-09-30,271.2,274.5,270.7,274.15
2019-10-01,273.75,276.15,273.5,275.2
2019-10-02,272.75,272.95,268.55,268.65
2019-10-04,267.95,270.75,267.45,267.45
2019-10-07,269.4,270.25,267.5,268.7
2019-10-08,268.85,272.5,268.7,272.25
2019-10-10,268.2,271.3,266.55,270.35
2019-10-11,272.5,273.15,271.1,272.3
2019-10-14,275.3,276.25,274.6,274.8
2019-10-15,274.6,275.6,274.3,275.35
2019-10-16,276.7,278.15,275.8,276.95
2019-10-17,277.35,277.4,275.25,275.8
2019-10-18,276.45,277.6,272.95,273.4
2019-10-21,273.9,274.75,273.4,274.55
2019-10-22,276,278.7,275.65,278.2
2019-10-23,277.5,278,275.95,276.65
2019-10-24,277.8,278.1,274.9,277.6
2019-10-25,277.9,278.3,276.25,277.3
2019-10-28,279,279.9,277.85,278.45
2019-10-29,279.8,279.95,277.4,277.8
2019-10-30,278.1,278.25,275.4,275.7
2019-10-31,277.45,279.5,276.05,276.5
2019-11-01,276.5,278.9,275.9,278.8
2019-11-04,280.5,283.2,280.4,283.2
2019-11-05,283.5,285,282.8,284.55
2019-11-06,284.75,286.8,284.3,284.95
2019-11-07,284.4,285.3,283.5,284.65
2019-11-08,286.1,286.55,283.25,283.55
2019-11-11,283.5,283.75,280.85,281.2
2019-11-12,282.45,284.3,281.3,284.1
2019-11-13,283,283.15,280.9,281.85
2019-11-14,281.95,284.15,281.5,284
2019-11-15,284.85,288.2,283.75,288.1
2019-11-18,288,288.05,286.6,287.5
2019-11-19,286.05,286.7,284.15,286.2
2019-11-20,284.7,285.6,282.45,282.65
2019-11-21,282.1,282.5,277.55,278.3
2019-11-22,278.85,280.25,278.55,280
2019-11-25,281.2,283.85,281.15,282.8
2019-11-26,283.25,285.3,282.5,283.2
2019-11-27,284,284.65,281.65,283.05
2019-11-28,281.7,283,281.15,281.95
2019-11-29,282.45,282.8,276.6,277.55
2019-12-02,278.5,279.65,277.45,277.85
2019-12-03,275.3,276.85,274,276.25
2019-12-04,274.15,274.95,272.9,274.8
2019-12-05,275.85,276.75,272.7,274.1
2019-12-06,274.8,277.25,274.7,276.7
2019-12-09,278,278.8,277.05,277.9
2019-12-10,277.55,279.65,276.8,279.45
2019-12-11,279.5,281,278.6,280.75
2019-12-12,282.65,285.45,282.6,285
2019-12-13,286.5,288,285.85,288
2019-12-16,287.5,288.45,287.15,287.25
2019-12-17,288.5,291.9,288.05,291.7
2019-12-18,291.9,293.2,290.6,291.3
2019-12-19,292.35,293.15,290.2,291.6
2019-12-20,292.5,292.9,291.2,292.25
2019-12-23,293.65,293.75,291.25,292
2019-12-24,292.5,292.5,289.7,289.7
2019-12-26,289.95,291.5,289.05,291.5
2019-12-27,292.7,298.1,291.95,296.65
2019-12-30,295.8,296.55,294.85,295.2
2020-01-02,294.65,295.55,290.75,290.75
2020-01-03,293.75,295.55,289.65,291.5
2020-01-06,289,290.1,288.35,289
2020-01-07,290.35,293.1,290.1,292.4
2020-01-08,289.9,291.65,288.05,290.15
2020-01-09,293.95,295.4,292.9,295
2020-01-10,295,297.7,294.8,297.65
2020-01-13,298.15,300.75,297.15,300.65
2020-01-14,302.6,303.95,301.6,302
2020-01-15,300.95,301.55,299.5,300.2
2020-01-16,300.1,303.4,299.65,303.15
2020-01-17,304.95,306.5,303.15,303.8
2020-01-20,305.2,307.95,304.9,306.35
2020-01-21,305.9,306.45,302,302
2020-01-22,301.85,306.95,301.35,306.75
2020-01-23,304.75,305.05,302.3,302.85
2020-01-28,296,296.95,291.8,293
2020-01-29,294.3,295.8,292.75,294.15
2020-01-30,294,294.4,287.6,288
2020-01-31,290.75,291.5,284.8,285.15
2020-02-03,281.9,286.65,280.5,285.2
2020-02-04,285.25,291.4,285.2,291.4
2020-02-05,293.8,294.3,290.5,292.3
2020-02-06,295.4,301.4,294.75,301.4
2020-02-07,299.9,300.15,296.35,298
2020-02-10,294.4,296.9,293.55,296.45
2020-02-11,297.35,301.45,297,299.8
2020-02-12,299.3,302.55,298.25,301.85
2020-02-13,302.85,304.55,300.1,300.45
2020-02-14,300.35,304.4,299.2,303.35
2020-02-17,302.85,304.25,301.3,302.95
2020-02-18,301,301.35,297.5,297.8
2020-02-19,299.75,300.3,295.6,298.75
2020-02-20,300.6,301.3,295.05,297.4
2020-02-21,292.1,295.25,291.8,291.9
2020-02-24,286.2,286.65,281,281.15
2020-02-25,280,284.75,279.7,284.7
2020-02-26,278.85,282,277.9,280
2020-02-27,278.95,281,276.25,277.75
2020-02-28,273.55,274.15,267.55,267.85
2020-03-02,269.5,272.45,266.05,270.9
2020-03-03,276.5,277.45,270.65,272.3
2020-03-04,270,278.75,269.7,278.25
2020-03-05,280.05,282.15,277.55,281.25
2020-03-06,277,278.2,273.7,274.2
2020-03-09,265.4,267.35,261.25,262.35
2020-03-10,262.35,265.5,260.85,265
2020-03-11,263.5,264.9,255.7,256.9
2020-03-12,254.6,255.3,243.35,245.6
2020-03-13,225.55,246.25,225,240.55
2020-03-16,241.75,245.45,229.55,229.55
2020-03-17,220,233.7,219.6,224.4
2020-03-18,225.5,228.45,211.6,211.6
2020-03-19,218,220.35,194.7,197.5
2020-03-20,204.2,215.55,199.25,215.55
2020-03-23,198.35,205.5,197.2,199.4
2020-03-24,206.95,221.45,203.1,220
2020-03-25,225.05,232.6,222.2,232.5
2020-03-26,232.05,235.2,227.15,227.6
2020-03-27,238.5,238.55,225.15,233.4
2020-03-30,226.15,234.2,224,230.3
2020-03-31,233.1,236.55,231.45,236
2020-04-01,233.65,236.4,223.95,225.15
2020-04-02,225.85,231.65,222.4,231.65
2020-04-03,231.45,233.45,228.25,231.65
2020-04-06,233.3,241.3,233.25,240.7
2020-04-07,244.8,247.15,240.25,245.25
2020-04-08,243.85,246.7,240.25,241.5
2020-04-09,246,246,242.25,245.05
2020-04-10,244,247.1,243.15,247.1
2020-04-13,245.55,246.25,242,242
2020-04-14,244.8,248.2,243.4,246.8
2020-04-16,244.6,247.25,242.65,247.2
2020-04-17,252,256.7,251.6,254.75
2020-04-20,253.9,255,250.65,251.2
2020-04-21,249.25,251.15,244.15,248.4
2020-04-22,245.2,251.45,243.6,250.75
2020-04-23,252.2,254.4,250.3,254.15
2020-04-24,251.5,252.05,247.95,248.95
2020-04-27,250.15,255.6,249.6,254.55
2020-04-28,254.75,256.6,252.6,256
2020-04-29,256.25,259.45,255.4,258.1
2020-05-04,251.55,253.15,249.2,249.6
2020-05-06,253.45,255.2,250.5,255.2
2020-05-07,253.15,255.65,252.5,253.55
2020-05-08,255.3,257.95,255.05,256.4
2020-05-11,256.9,258.4,254,254.25
2020-05-12,254.4,254.9,250.25,252.8
2020-05-13,249.4,255.8,249.1,255.65
2020-05-14,253.2,253.8,251.25,252.35
2020-05-15,254.65,254.85,251.4,253.6
2020-05-18,254.85,255.95,252.45,255.95
2020-05-19,260.65,262.4,259.95,261.95
2020-05-20,260.6,263.15,260.5,262.15
2020-05-21,264,264.45,262.75,263.55
2020-05-22,263.65,263.85,257.85,258.8
2020-05-25,260.95,263,258.55,263
2020-05-26,262.95,267.3,262.6,266.65
2020-05-27,265.45,268.85,265.45,267.1
2020-05-28,269.65,271.1,265,268.3
2020-05-29,266.95,269.45,265.1,267
2020-06-01,268.5,273.35,268.35,273
2020-06-02,272.85,276.4,272.3,275.8
2020-06-03,278.7,287.85,278.5,286.25
2020-06-04,290,292.9,285.4,286.4
2020-06-05,285.55,291.55,284.75,291.55
2020-06-08,296.5,296.75,289.7,290.7
2020-06-09,292.95,294.9,287.85,290.85
2020-06-10,290.85,293,289.65,291.5
2020-06-11,289.1,292.05,284,285.7
2020-06-12,277.4,281.35,275.5,278.4
2020-06-15,276.1,279.4,265,265
2020-06-16,273.05,282.95,272.65,279.8
2020-06-17,280.55,283.95,277.15,281.85
2020-06-18,280.75,282.35,278.8,281.65
2020-06-19,284.3,284.65,277.3,282.2
2020-06-22,279.2,282.65,279.05,279.9
2020-06-23,282.95,284.95,278.1,281.5
2020-06-24,282.05,287.35,282.05,286
2020-06-25,280.8,283.15,277.3,277.95
2020-06-26,281.95,283.3,278.9,281.65
2020-06-29,278.35,280.95,276.25,278.15
2020-06-30,282.15,283.25,279.55,280.8
2020-07-01,282.9,283.25,279.2,279.85
2020-07-02,281.05,283.6,280.5,283.4
2020-07-03,284.6,286.5,283.05,286.5
2020-07-06,286.95,291.2,286.1,290.7
2020-07-07,294,294,286.65,287.5
2020-07-08,287.1,288.4,285.3,286.15
2020-07-09,287.9,289.7,287.15,288
2020-07-10,288,288.25,283.3,284.55
2020-07-13,288,290.35,286.5,289.8
2020-07-14,288.3,289.9,286.8,289.35
2020-07-15,292.5,294.65,291.05,292.55
2020-07-16,292.05,292.75,288.45,289.2
2020-07-17,289.65,292.05,289.45,291.85
2020-07-20,292.5,292.9,288.9,290.9
2020-07-21,293.85,296.3,293.25,295.05
2020-07-22,295.05,296.2,293.55,294.3
2020-07-23,294.25,294.45,290.2,292
2020-07-24,290.05,292.55,289.25,290.3
2020-07-27,290.2,295.2,290,294.05
2020-07-28,296.5,301.4,295.9,299.2
2020-07-29,300.15,303.25,299.4,301.2
2020-07-30,303,304,301.55,301.8
2020-07-31,303,304.2,298.8,299.35
2020-08-03,299.6,300.15,297.3,299.2
2020-08-04,301,303.95,300.8,303
2020-08-05,303.4,306.7,302.5,306.7
2020-08-06,307.65,312.8,307.2,311.55
2020-08-07,312,314,309.5,312.1
2020-08-10,312.05,317.4,311.45,316.95
2020-08-11,317.05,322.75,316.95,320.8
2020-08-12,319.95,323.3,317.35,322.5
2020-08-13,325.1,326.25,319.25,323.1
2020-08-14,322,322.65,316.35,318.75
2020-08-18,320.7,321.8,311.7,313.05
2020-08-19,314.9,316.9,313.3,313.45
2020-08-20,311.05,312.6,301.1,301.45
2020-08-21,305.4,309.9,303.15,306.95
2020-08-24,306.95,310.7,303.55,310.7
2020-08-25,311.9,314.25,310.4,314.25
2020-08-26,313.95,314.95,309.65,314
2020-08-27,314.5,314.9,310.7,310.8
2020-08-28,313.25,316.05,310.7,312.95
2020-08-31,314.95,316.2,306.7,306.7
2020-09-01,307.35,311,307.3,310.45
2020-09-02,312,312.9,308.35,311.75
2020-09-03,314.5,317.35,314.1,315.9
2020-09-04,308,312.35,307.5,311.05
2020-09-07,312.15,314,310.45,313.55
2020-09-08,315.9,317.45,314.45,317.35
2020-09-09,313.25,315.65,312.75,313.35
2020-09-10,316.5,318.1,315.55,317.5
2020-09-11,314,316.25,312.25,315.75
2020-09-14,318.65,320.5,317.85,320
2020-09-15,321.2,322.8,319.65,322.15
2020-09-16,322.15,323.5,320.9,321.25
2020-09-17,320.95,321.2,316.1,316.75
2020-09-18,318.5,318.75,315.8,318.45
2020-09-21,317,320.3,314.25,315.45
2020-09-22,314.45,315.2,306.2,307.45
2020-09-23,309.55,310.25,302.55,309.3
2020-09-24,304.9,305.8,301.15,301.45
2020-09-25,303.85,304.4,301.45,303.4
2020-09-28,306.1,308.15,304.5,307.65
2020-09-29,311.35,311.4,308.6,309.95
2020-10-05,310.05,314.7,309.35,313.9
2020-10-06,314.95,316.45,313.25,314.4
2020-10-07,312.55,317.7,311.85,317.7
2020-10-08,320.3,320.5,316.55,318
2020-10-12,319.65,320.05,317.8,319.3
2020-10-13,320.9,321.2,316.7,318.8
2020-10-14,319.55,319.7,315.35,316.1
2020-10-15,315.6,315.8,312.2,313.3
2020-10-16,314.25,315.1,309.7,312.15
2020-10-19,312.7,315.05,312.2,312.45
2020-10-20,311.35,315.05,310,315
2020-10-21,315,316.65,314.2,316.1
2020-10-22,314,314.2,311.65,313.7
2020-10-23,315.35,315.85,312.25,315.3
2020-10-26,315.7,316.85,313.75,313.8
2020-10-27,312.2,313.75,310.65,311.1
2020-10-28,310,313.45,309.25,313.1
2020-10-29,308.85,310.15,306.05,309.2
2020-10-30,307.85,308.55,301.1,301.8
2020-11-02,302.1,306,301.45,305.6
2020-11-03,307,312.3,306.7,312.1
2020-11-04,314.7,315.7,311.35,313.8
2020-11-05,316.4,321.2,315.2,320.9
2020-11-06,323,324.25,320.85,321.85
2020-11-09,325.2,328.35,324.7,325.75
2020-11-10,327.4,327.5,323.5,326.15
2020-11-11,326.55,331.65,326.5,331.25
2020-11-12,330.95,331.55,328.6,329.6
2020-11-13,328.55,333.25,328.1,333.1
2020-11-16,335.5,341.15,334.35,340.1
2020-11-17,341.1,342.4,339.2,340.25
2020-11-18,340.2,341.75,338.9,339.95
2020-11-19,338.8,340.35,337.45,340.25
2020-11-20,338.85,341.7,338.55,340.3
2020-11-23,342,348.75,340.45,348.5
2020-11-24,350,352.35,348.45,350
2020-11-25,352.6,353.65,346.3,348.1
2020-11-26,348,352.05,347.1,351.95
2020-11-27,351.5,352.95,350.45,352.65
2020-11-30,353.65,355,346.65,347.25
2020-12-01,349.45,353.35,348.95,352.4
2020-12-02,354,359,353.5,358.75
2020-12-03,360,361.4,358.15,361.3
2020-12-04,362.05,369.55,362,368.1
2020-12-07,370.15,371.1,364.95,369.85
2020-12-08,368.9,369.2,363.25,363.45
2020-12-09,364.8,371.8,364.7,371.25
2020-12-10,367.4,372.6,365.45,370.3
2020-12-11,366.8,368.8,365.8,367.65
2020-12-14,368.45,368.95,364.95,365.3
2020-12-15,365.5,366.25,361.3,365.3
2020-12-16,368,369.15,365.65,367.3
2020-12-17,366.6,367.15,362.5,366.85
2020-12-18,366.85,367.75,365.15,366.3
2020-12-21,367.05,367.05,361.9,366.35
2020-12-22,364.65,365.9,360.25,360.75
2020-12-23,362.4,365.95,358.9,365.65
2020-12-24,366.95,374.35,366.35,374.1
2020-12-28,376,378.4,373.4,376.15
2020-12-29,377.9,381.75,376.15,380.95
2020-12-30,379.5,390.45,378.4,389.15
2021-01-04,389.15,400.6,388.2,400.6
2021-01-05,397,406.3,396.3,405.55
2021-01-06,407,411.15,400.3,403.4
2021-01-07,406.9,414.8,406.15,411.8
2021-01-08,417,432.2,415.45,430.35
2021-01-11,434.45,448.1,423.55,432.55
2021-01-12,428.3,431.35,415.3,427.7
2021-01-13,427.5,433.2,424.35,428.75
2021-01-14,427.1,431.2,426.55,430.15
2021-01-15,432.05,436.1,419.35,419.4
2021-01-18,415.05,419.2,408.65,409.1
2021-01-19,411.65,423.8,410.05,422.55
2021-01-20,429,429.75,418.65,423.6
2021-01-21,426.8,430.2,424.25,429.7
2021-01-22,431.05,433.5,426.1,426.75
2021-01-25,428.3,437.45,426.75,436.6
2021-01-26,435.7,436.55,422.65,424.9
2021-01-27,427.5,432.3,421.9,422.95
2021-01-28,412.5,420.1,411.65,414.05
2021-01-29,420.15,420.35,402.5,404.45
2021-02-01,403.6,415.3,400.35,415.3
2021-02-02,419,427.55,416.75,422.1
2021-02-03,424.2,427.4,419.15,425.3
2021-02-04,423.95,424,414.3,417.05
2021-02-05,420.35,423.65,417.1,422.5
2021-02-08,422.05,424.25,417.9,418.5
2021-02-09,421,424.8,416.9,417.1
2021-02-10,419.1,421.4,414.3,421.25
2021-02-15,426.95,428.5,424.75,426.55
2021-02-16,427.3,432.15,426.1,428
2021-02-17,425.95,426.95,420.2,423.45
2021-02-18,421.7,424.35,416.7,417.35
2021-02-19,417.2,421.45,410.1,421.45
2021-02-22,424.3,425.65,415.8,416.9
2021-02-23,413,419.25,410.3,416.3
2021-02-24,415.05,419.8,406.4,407.35
2021-02-25,414.65,422.95,412.65,422.95
2021-02-26,412.15,412.95,406.2,409.95
2021-03-02,420.05,422.35,411.45,415
2021-03-03,414,420,412.3,419.4
2021-03-04,414.35,417.6,411.05,413.35
2021-03-05,408.3,413.5,405.55,411.75
2021-03-08,415.55,415.85,407.3,408.2
2021-03-09,408.45,409,399,404.6
2021-03-10,411.3,411.65,402.15,403.5
2021-03-11,404.7,413.35,404.5,410.85
2021-03-12,415.45,417.35,413.3,415.15
2021-03-15,415.55,416.25,412.25,412.5
2021-03-16,414.2,417.25,413.75,417
2021-03-17,416.45,416.6,410.05,412.8
2021-03-18,416.15,420.2,415.85,416.95
2021-03-19,410.4,413.6,409.25,410.75
2021-03-22,413,413.7,408.8,412.4
2021-03-23,414.5,415.65,407.55,408.15
2021-03-24,405.25,407.95,402.85,407
2021-03-25,405.75,410.8,404.9,408.1
2021-03-26,409.9,412.45,408.55,411.95
2021-03-29,414,414,409.45,411.8
2021-03-30,413.6,417.55,412.2,415.55
2021-03-31,417.5,420,414.6,414.65
2021-04-01,418.05,419.6,416.15,419.2
2021-04-02,422.45,424.95,422,423.6
2021-04-05,425,425.7,421.8,424.05
2021-04-06,427.35,427.45,422.6,425.05
2021-04-07,426.25,427.55,424.25,425.5
2021-04-08,425.3,426.4,423.35,424.5
2021-04-09,425.45,427.5,422,423.25
2021-04-12,424.85,425.1,422,423.5
2021-04-13,423.9,429.6,423,427.9
2021-04-14,429.45,431.8,427.45,431.05
2021-04-15,430.35,434.2,430.05,431.4
2021-04-16,433,433.25,429.8,431.1
2021-04-19,431.05,433.85,429.9,431.2
2021-04-20,430.6,434.45,430.3,433.2
2021-04-21,431.2,431.45,424.45,425.65
2021-04-22,427.6,429.5,426,427.3
2021-04-23,424.9,428.2,421.7,426.9
2021-04-26,428.65,431.1,427.5,431.1
2021-04-27,431.8,431.9,429.35,431.6
2021-04-28,431.05,431.3,425.75,426.5
2021-04-29,428.2,429.55,424.4,425.4
2021-04-30,424,425.85,420.6,422.1
2021-05-03,422,425.7,419.1,419.75
2021-05-04,419.65,423.2,418.6,423.2
2021-05-06,421,426.15,420.65,425.45
2021-05-07,426.3,429.85,425.7,429.1
2021-05-10,431.3,436.9,429.85,435.95
2021-05-11,433,433.45,426.35,427.85
2021-05-12,427.85,428.3,417.9,420.5
2021-05-13,415,420.3,414.2,415.1
2021-05-14,417.4,421.45,417.05,419.85
2021-05-17,422.4,422.65,415.65,418.1
2021-05-18,419.35,423.8,419.15,422.9
2021-05-20,420.35,422.8,418.85,421.4
2021-05-21,424.75,427.8,420.6,421.6
2021-05-24,421.3,422.8,419.15,419.65
2021-05-25,422,424.95,421.3,424.95
2021-05-26,424.95,426.15,422.6,423.4
2021-05-27,424.05,424.35,419.75,422.6
2021-05-28,425,427.7,423.65,426.35
2021-05-31,427.3,427.95,424.25,427.7
2021-06-01,428,432.45,427.05,430.1
2021-06-02,430.2,432.8,429.35,429.5
2021-06-03,431.2,435.75,430.65,433.45
2021-06-04,432.45,433.2,429.35,432.45
2021-06-07,435,435.95,430.75,433.65
2021-06-08,433.5,435.2,432.3,432.95
2021-06-09,432.1,432.55,428.05,428.3
2021-06-10,428.35,430.85,427.6,429.9
2021-06-11,430.3,433.15,430.1,432.05
2021-06-14,432.95,433.05,430.55,432.3
2021-06-15,432.8,433.95,431.7,433.45
2021-06-16,433.1,436.6,432.7,436.15
2021-06-17,433.8,434.15,431.6,432.85
2021-06-18,434.5,435.75,433.3,434.5
2021-06-21,430.3,431.85,428.25,430.35
2021-06-22,432.75,433.95,432.05,433.4
2021-06-23,435,436.35,433.7,435.85
2021-06-24,436.5,438.55,436.35,437.7
2021-06-25,439.6,441.85,438.75,439.7
2021-06-28,440,440.6,437.95,438.85
2021-06-29,439.65,439.7,435.9,437.05
2021-06-30,438.5,439.95,437.85,438.85
2021-07-01,438.65,438.85,435.2,435.9
2021-07-02,434.9,437.55,434.9,435.7
2021-07-05,437.05,438.55,436.45,438.25
2021-07-06,438.75,440.6,438.5,439.15
2021-07-07,437.75,438.2,435.35,436.45
2021-07-08,436.8,438.2,430.85,430.85
2021-07-09,427.15,429.6,423.15,426.25
2021-07-12,429.15,431.5,429.1,431.5
2021-07-13,433.25,434.9,433.1,434.6
2021-07-14,433,433.85,431.3,433.65
2021-07-15,434.7,436.5,433,436.25
2021-07-16,434.15,434.8,432.5,434.1
2021-07-19,430.5,430.6,428.25,429.3
2021-07-20,426,428.5,425.6,428.5
2021-07-21,430.2,430.5,425.1,425.65
2021-07-22,428.35,431.85,428,431.5
2021-07-23,432,432.95,430.35,431.5
2021-07-26,432.8,432.9,426.9,428
2021-07-27,429.95,431.05,427.8,428.15
2021-07-28,426.9,429.8,425.5,428.65
2021-07-29,430,431.2,428.15,429.4
2021-07-30,428,428.05,423.8,424.4
2021-08-02,426.4,427.05,423.25,426.45
2021-08-03,425.85,430.4,425.6,430.3
2021-08-04,431.25,436.9,430.55,436.2
2021-08-05,436.65,438.15,434.8,435.2
2021-08-06,435.6,436.6,432.5,433.55
2021-08-09,431.6,433.25,429.9,432
2021-08-10,433.05,433.45,427.2,429
2021-08-11,427.2,428.9,424.45,425
2021-08-12,424.25,425.55,421.65,423.35
2021-08-13,421.75,422.5,414.2,416.1
2021-08-17,415.5,417.35,410.4,411.75
2021-08-18,411.3,415.3,409,413.05
2021-08-19,410.4,412.6,404.65,404.85
2021-08-20,406.35,408.2,399.25,400.9
2021-08-23,404,407.85,402.1,405.15
2021-08-24,408,413,408,413
2021-08-25,414.2,415.8,410.9,413.45
2021-08-26,414.5,415.65,409.8,410.5
2021-08-27,408.95,412.05,407.25,410.6
2021-08-30,415,415.4,410.3,411.9
2021-08-31,412.25,419.8,409.7,419.5
2021-09-01,418.75,421.4,417.2,419.8
2021-09-02,419.1,420.15,414.85,416.6
2021-09-03,417.4,419.95,416.3,419.15
2021-09-06,419.4,420.95,418,420.15
2021-09-07,420,420.1,416.35,418.5
2021-09-08,416.5,417.7,413.55,414.5
2021-09-09,412.5,413.55,406.6,407.4
2021-09-10,407.55,409.75,406.2,408.2
2021-09-13,406.9,411.2,406.75,409.7
2021-09-14,411.9,415,411.3,412.6
2021-09-15,412.75,414.75,410.8,413
2021-09-16,414.5,414.8,408.65,409.1
2021-09-17,409.1,411.3,406.55,410.75
2021-09-23,407.7,410.9,407.2,409.55
2021-09-24,411.2,412.5,408.8,409.25
2021-09-27,408.3,412.75,408.3,410.7
2021-09-28,410.1,410.3,404.9,404.9
2021-09-29,400,402.1,396.2,399.15
2021-09-30,398.75,402.35,397.5,401.5
2021-10-01,399,400.15,393.5,393.6
2021-10-05,390,391.9,384.65,388.75
2021-10-06,390.05,392,381.75,382.4
2021-10-07,385,389.35,384.5,388.2
2021-10-08,390.7,390.75,386.8,388.05
2021-10-12,386,386.7,379.1,380.25
2021-10-13,380.3,386.05,379.55,384.6
2021-10-14,387.35,389.8,386.8,389.4
2021-10-15,391.75,394.75,391.7,394.6
2021-10-18,393.8,394.4,389.55,392.9
2021-10-19,395.85,396.45,393.65,395.8
2021-10-20,397.15,398.4,393.9,394
2021-10-21,394,395.8,392.75,393.4
2021-10-22,392.45,395.25,391.9,394.4
2021-10-25,392.5,396.3,390.3,395.85
2021-10-26,397.9,400.05,396.7,399.35
2021-10-27,398.2,398.75,394.5,395.45
2021-10-28,395.35,397.6,394.35,394.35
2021-10-29,395.4,396.65,387.5,388.15
2021-11-01,390.5,392,389.6,390.9
2021-11-02,392.65,398.5,392.15,395.6
2021-11-03,396.45,396.5,388.55,389.05
2021-11-04,393,395.75,391.15,392.45
2021-11-05,394.7,395.6,387.9,390.65
2021-11-08,391.15,391.35,385.7,389.95
2021-11-09,390,393.8,388.5,390.5
2021-11-10,388.85,390.8,385.95,386.45
2021-11-11,383.55,386.7,382.85,386.55
2021-11-12,388.55,392.1,387.45,391.15
2021-11-15,394.1,395.95,392.5,395.3
2021-11-16,394,396.8,392.8,394.6
2021-11-17,394.7,395.35,388.85,389.85
2021-11-18,388.6,390.15,386.75,388.35
2021-11-19,387.55,391.35,387.1,390.85
2021-11-22,393.8,400.15,392.6,400
2021-11-23,399.3,399.65,395.65,396.05
2021-11-24,397.2,399.35,393.25,395.4
2021-11-25,395.9,396.2,391.7,392.6
2021-11-26,390.9,392.55,384.2,384.85
2021-11-29,380,385,380,381.95
2021-11-30,384.8,386,370.45,373.35
2021-12-01,376.15,383.75,373.8,383
2021-12-02,380.15,389.35,379.55,389
2021-12-03,387.45,393.2,385.9,392.25
2021-12-06,390.15,394.55,387.2,392.3
2021-12-07,392.3,396.4,390.5,396.15
2021-12-08,399.75,402.5,396.55,398.25
2021-12-09,397.6,400.4,397,399.4
2021-12-10,394.1,395,392.15,393
2021-12-13,394.8,399.7,393,393.9
2021-12-14,390.3,393.2,389.3,390.45
2021-12-15,388.85,391.25,388.3,390.85
2021-12-16,394.05,395.3,390.7,393.5
2021-12-17,389.85,394.6,389.6,393.95
2021-12-20,392.2,392.3,385.7,386.6
2021-12-21,389.5,391.05,386.9,389.5
2021-12-22,391.5,393.6,390.35,391.6
2021-12-23,393.65,394.05,391.5,393.6
2021-12-24,394.95,398.4,394.9,397
2021-12-27,397,397.15,394.25,394.3
2021-12-28,395.5,398.3,392.8,398.3
2021-12-29,398.8,399.3,396.3,396.3
2021-12-30,397.15,398.3,393.65,394.25
2022-01-03,396,399.25,393.95,395.3
2022-01-04,395.5,396.3,392.75,394.65
2022-01-05,394.15,394.45,386.85,389.1
2022-01-06,386,390.05,385.1,385.25
2022-01-07,388.6,391.1,387.2,390.5
2022-01-10,390,390.1,384.3,386.7
2022-01-11,387.7,390,386,388.3
2022-01-12,391.05,395.15,391,395
2022-01-13,396.15,396.25,392.35,392.5
2022-01-14,390.55,390.6,385.9,386.5
2022-01-17,385.3,387.1,381.5,384.3
2022-01-18,384.05,385.6,379.65,380.65
2022-01-19,377.95,381.8,376.7,378
2022-01-20,377.8,380.45,376.4,380.05
2022-01-21,376.35,377.3,373.25,376.35
2022-01-24,374.55,375.9,369.8,370.85
2022-01-25,369,370.75,359.85,361
2022-01-26,363.4,365.35,360.35,360.7
2022-01-27,361.95,362.45,347.45,347.45
2022-01-28,350.4,358.85,347.45,356.6
2022-02-03,364.8,366.35,361.4,361.5
2022-02-04,363.4,366.65,361.7,366.4
2022-02-07,363.95,364.65,359,363.25
2022-02-08,366,367.25,360.65,363.2
2022-02-09,367,368.95,365.65,368.9
2022-02-10,370.7,372.45,369,371.75
2022-02-11,368.45,370.8,366.3,368
2022-02-14,365,365.95,360.3,363.65
2022-02-15,363.9,364.7,358.9,360.55
,,,,
,,,,
,,,,
,,,,
,,,,
,,,,
,,,,
,,,,
,,,,
,,,,
,,,,
,,,,
,,,,
,,,,
,,,,
,,,,
,,,,
,,,,
,,,,
,,,,
,,,,
,,,,
,,,,
,,,,
,,,,
,,,,
,,,,
,,,,
,,,,
,,,,
,,,,
,,,,
,,,,
,,,,
,,,,
,,,,
,,,,
,,,,
,,,,
,,,,
,,,,
,,,,
,,,,
,,,,
,,,,
,,,,
,,,,
,,,,
,,,,
,,,,
,,,,
,,,,
,,,,
,,,,
,,,,
,,,,
,,,,
,,,,
,,,,
,,,,
,,,,
,,,,
,,,,
,,,,
,,,,
,,,,
,,,,
,,,,
,,,,
,,,,
,,,,
,,,,
,,,,
,,,,
,,,,
,,,,
,,,,
,,,,
,,,,
,,,,
,,,,
,,,,
,,,,
,,,,
,,,,
,,,,
,,,,
,,,,
,,,,
,,,,
,,,,
,,,,
,,,,
,,,,
,,,,
,,,,
,,,,
,,,,
,,,,
,,,,
,,,,
,,,,
,,,,
,,,,
,,,,
,,,,
,,,,
,,,,
,,,,
,,,,
,,,,
,,,,
,,,,
,,,,
,,,,
,,,,
,,,,
,,,,
,,,,
,,,,
,,,,
,,,,
,,,,
,,,,
,,,,
,,,,
,,,,
,,,,
,,,,
,,,,
,,,,
,,,,
,,,,
,,,,
,,,,
,,,,
,,,,
,,,,
,,,,
,,,,
,,,,
,,,,
,,,,
,,,,
,,,,
,,,,
,,,,
,,,,
,,,,
,,,,
,,,,
,,,,
,,,,
,,,,
,,,,
,,,,
,,,,
,,,,
,,,,
,,,,
,,,,
,,,,
,,,,
,,,,
,,,,
,,,,
,,,,
,,,,
,,,,
,,,,
,,,,
,,,,
,,,,
,,,,
,,,,
,,,,
,,,,
,,,,
,,,,
,,,,
,,,,
,,,,
,,,,
,,,,
,,,,
,,,,
,,,,
,,,,
,,,,
,,,,
,,,,
,,,,
,,,,
,,,,
,,,,
,,,,
,,,,
,,,,
,,,,
,,,,
,,,,
,,,,
,,,,
,,,,
,,,,
,,,,
,,,,
,,,,
,,,,
,,,,
,,,,
,,,,
,,,,
,,,,
,,,,
,,,,
,,,,
,,,,
,,,,
,,,,
,,,,
,,,,
,,,,
,,,,
,,,,
,,,,
,,,,
,,,,
,,,,
,,,,
,,,,
,,,,
,,,,
,,,,
,,,,
,,,,
,,,,
,,,,
,,,,
,,,,
,,,,
,,,,
,,,,
,,,,
,,,,
,,,,
,,,,
,,,,
,,,,
,,,,
,,,,
,,,,
,,,,
,,,,
,,,,
,,,,
,,,,
,,,,
,,,,
,,,,
,,,,
,,,,
,,,,
,,,,
,,,,
,,,,
,,,,
,,,,
,,,,
,,,,
,,,,
,,,,
,,,,
,,,,
,,,,
,,,,
,,,,
,,,,
,,,,
,,,,
,,,,
,,,,
,,,,
,,,,
,,,,
,,,,
,,,,
,,,,
,,,,
,,,,
,,,,
,,,,
,,,,
,,,,
,,,,
,,,,
,,,,
,,,,
,,,,
,,,,
,,,,
,,,,
,,,,
,,,,
,,,,
,,,,
,,,,
,,,,
,,,,
,,,,
,,,,
,,,,
,,,,
,,,,
,,,,
,,,,
,,,,
,,,,
,,,,
,,,,
,,,,
,,,,
,,,,
,,,,
,,,,
,,,,
,,,,
,,,,
,,,,
,,,,
,,,,
,,,,
,,,,
,,,,
,,,,
,,,,
,,,,
,,,,
,,,,
,,,,
,,,,
,,,,
,,,,
,,,,
,,,,
,,,,
,,,,
,,,,
,,,,
,,,,
,,,,
,,,,
,,,,
,,,,
,,,,
,,,,
,,,,
,,,,
,,,,
,,,,
,,,,
,,,,
,,,,
,,,,
,,,,
,,,,
,,,,
,,,,
,,,,
,,,,
,,,,
,,,,
,,,,
,,,,
,,,,
,,,,
,,,,
,,,,
,,,,
,,,,
,,,,
,,,,
,,,,
,,,,
,,,,
,,,,
,,,,
,,,,
,,,,
,,,,
,,,,
,,,,
,,,,
,,,,
,,,,
,,,,
,,,,
,,,,
,,,,
,,,,
,,,,
,,,,
,,,,
,,,,
,,,,
,,,,
,,,,
,,,,
,,,,
,,,,
,,,,
,,,,
,,,,
,,,,
,,,,
,,,,
,,,,
,,,,
,,,,
,,,,
,,,,
,,,,
,,,,
,,,,
,,,,
,,,,
,,,,
,,,,
,,,,
,,,,
,,,,
,,,,
,,,,
,,,,
,,,,
,,,,
,,,,
,,,,
,,,,
,,,,
,,,,
,,,,
,,,,
,,,,
,,,,
,,,,
,,,,
,,,,
,,,,
,,,,
,,,,
,,,,
,,,,
,,,,
,,,,
,,,,
,,,,
,,,,
,,,,
,,,,
,,,,
,,,,
,,,,
,,,,
,,,,
,,,,
,,,,
,,,,
,,,,
,,,,
,,,,
,,,,
,,,,
,,,,
,,,,
,,,,
,,,,
,,,,
,,,,
,,,,
,,,,
,,,,
,,,,
,,,,
,,,,
,,,,
,,,,
,,,,
,,,,
,,,,
,,,,
,,,,
,,,,
,,,,
,,,,
,,,,
,,,,
,,,,
,,,,
,,,,
,,,,
,,,,
,,,,
,,,,
,,,,
,,,,
,,,,
,,,,
,,,,
,,,,
,,,,
,,,,
,,,,
,,,,
,,,,
,,,,
,,,,
,,,,
,,,,
,,,,
,,,,
,,,,
,,,,
,,,,
,,,,
,,,,
,,,,
,,,,
,,,,
,,,,
,,,,
,,,,
,,,,
,,,,
,,,,
,,,,
,,,,
,,,,
,,,,
,,,,
,,,,
,,,,
,,,,
,,,,
,,,,
,,,,
,,,,
,,,,
,,,,
,,,,
,,,,
,,,,
,,,,
,,,,
,,,,
,,,,
,,,,
,,,,
,,,,
,,,,
,,,,
,,,,
,,,,
,,,,
,,,,
,,,,
,,,,
,,,,
,,,,
,,,,
,,,,
,,,,
,,,,
,,,,
,,,,
,,,,
,,,,
,,,,
,,,,
,,,,
,,,,
,,,,
,,,,
,,,,
,,,,
,,,,
,,,,
,,,,
,,,,
,,,,
,,,,
,,,,
,,,,
,,,,
,,,,
,,,,
,,,,
,,,,
,,,,
,,,,
,,,,
,,,,
,,,,
,,,,
,,,,
,,,,
,,,,
,,,,
,,,,
,,,,
,,,,
,,,,
,,,,
,,,,
,,,,
,,,,
